{
  "screenshots": [
      {
        "img": "assets/images/cleo.jpg",
        "description": "Cleo - the whippet. Born in Denmark",
        "liked": "0"
      },
      {
        "img": "assets/images/flora.jpg",
        "description": "Flora, an Italian Greyhound born in Riga",
        "liked": "0"
      },
      {
        "img": "assets/images/soi.jpg",
        "description": "Soi the whippet - Born in Amsterdam 2012- Leader of the pack",
        "liked": "0"
      },
      {
        "img": "assets/images/giro.jpg",
        "description": "Giro - rescued from Spain - a Galgo Espanol - the Spanish Greyhound",
        "liked": "0"
      }
  ]
}