 [
    {
      "ID": 2,
      "Text": "BP Tankstelle",
      "Date": "2016-11-15T00:00:00",
      "Amount": 650,
      "Paid": false,
      "Expense": false,
      "Remark": true,
      "Details": [
        {
          "ID": 4,
          "VoucherID": 2,
          "AccountID": 2,
          "Account": null,
          "Text": "Diesel",
          "Amount": 45,
          "Comment": null
        },
        {
          "ID": 6,
          "VoucherID": 2,
          "AccountID": 2,
          "Account": null,
          "Text": "Reifenwechsel",
          "Amount": 20,
          "Comment": null
        }
      ]
    },
    {
      "ID": 3,
      "Text": "Amazon",
      "Date": "2016-11-15T00:00:00",
      "Amount": 0,
      "Paid": false,
      "Expense": false,
      "Remark": false,
      "Details": [
        {
          "ID": 7,
          "VoucherID": 3,
          "AccountID": 6,
          "Account": null,
          "Text": "Game of Thrones, Season 6",
          "Amount": 29,
          "Comment": null
        },
        {
          "ID": 2,
          "VoucherID": 3,
          "AccountID": 1,
          "Account": null,
          "Text": "USB Stick",
          "Amount": 11,
          "Comment": null
        },
        {
          "ID": 3,
          "VoucherID": 3,
          "AccountID": 1,
          "Account": null,
          "Text": "DVI Kabel",
          "Amount": 45,
          "Comment": null
        }
      ]
    },
    {
      "ID": 5,
      "Text": "Inserted by WebApi",
      "Date": "2016-11-08T11:28:42.9",
      "Amount": 0,
      "Paid": false,
      "Expense": false,
      "Remark": false,
      "Details": []
    },
    {
      "ID": 1,
      "Text": "Demo AG",
      "Date": "2016-11-06T10:50:04.1195889",
      "Amount": 800,
      "Paid": false,
      "Expense": false,
      "Remark": true,
      "Details": [
        {
          "ID": 5,
          "VoucherID": 1,
          "AccountID": 4,
          "Account": null,
          "Text": "Remote Support",
          "Amount": 800,
          "Comment": null
        }
      ]
    },
    {
      "ID": 4,
      "Text": "Media Markt",
      "Date": "2016-11-05T10:50:04.1215883",
      "Amount": 100,
      "Paid": true,
      "Expense": true,
      "Remark": false,
      "Details": [
        {
          "ID": 1,
          "VoucherID": 4,
          "AccountID": 1,
          "Account": null,
          "Text": "Ladekabel",
          "Amount": 100,
          "Comment": null
        }
      ]
    }
  ]
